<application>
  <component name="FileTypeManager" version="18">
    <ignoreFiles list="*$py.class;*.pyc;*.pyo;*.rbc;*.yarb;*~;.DS_Store;.git;.hg;.svn;CVS;__pycache__;_svn;vssver.scc;vssver2.scc;" />
    <extensionMap>
      <mapping ext="vm" type="AUTO_DETECTED" />
      <mapping pattern="244501fa4de4a6ef_0" type="PLAIN_TEXT" />
      <mapping pattern="5AA819498A8B1ADEF3D51FCFF567171EC12E1366" type="PLAIN_TEXT" />
      <mapping pattern="6D388D2F538EEAEF7742AAE161DAEF1C11A49C0A" type="PLAIN_TEXT" />
      <mapping ext="ldb" type="PLAIN_TEXT" />
    </extensionMap>
  </component>
</application>