<application>
  <component name="ProjectJdkTable">
    <jdk version="2">
      <name value="Python 3.8 (datainterchange)" />
      <type value="Python SDK" />
      <version value="Python 3.8.5" />
      <homePath value="C:\Users\bened\anaconda3\envs\datainterchange\python.exe" />
      <roots>
        <classPath>
          <root type="composite">
            <root url="file://$USER_HOME$/anaconda3/envs/datainterchange/DLLs" type="simple" />
            <root url="file://$USER_HOME$/anaconda3/envs/datainterchange/Lib" type="simple" />
            <root url="file://$USER_HOME$/anaconda3/envs/datainterchange/Lib/site-packages" type="simple" />
            <root url="file://$USER_HOME$/AppData/Local/JetBrains/PyCharmCE2020.2/python_stubs/-1768819925" type="simple" />
            <root url="file://$APPLICATION_HOME_DIR$/plugins/python-ce/helpers/python-skeletons" type="simple" />
            <root url="file://$APPLICATION_HOME_DIR$/plugins/python-ce/helpers/typeshed/stdlib/3.7" type="simple" />
            <root url="file://$APPLICATION_HOME_DIR$/plugins/python-ce/helpers/typeshed/stdlib/3" type="simple" />
            <root url="file://$APPLICATION_HOME_DIR$/plugins/python-ce/helpers/typeshed/stdlib/2and3" type="simple" />
            <root url="file://$APPLICATION_HOME_DIR$/plugins/python-ce/helpers/typeshed/third_party/3" type="simple" />
            <root url="file://$APPLICATION_HOME_DIR$/plugins/python-ce/helpers/typeshed/third_party/2and3" type="simple" />
          </root>
        </classPath>
        <sourcePath>
          <root type="composite" />
        </sourcePath>
      </roots>
      <additional />
    </jdk>
    <jdk version="2">
      <name value="Python 3.8" />
      <type value="Python SDK" />
      <version value="Python 3.8.3" />
      <homePath value="C:\Users\bened\anaconda3\python.exe" />
      <roots>
        <classPath>
          <root type="composite">
            <root url="file://$USER_HOME$/anaconda3/DLLs" type="simple" />
            <root url="file://$USER_HOME$/anaconda3/Lib" type="simple" />
            <root url="file://$USER_HOME$/anaconda3/Lib/site-packages" type="simple" />
            <root url="file://$USER_HOME$/anaconda3/Lib/site-packages/win32" type="simple" />
            <root url="file://$USER_HOME$/anaconda3/Lib/site-packages/win32/lib" type="simple" />
            <root url="file://$USER_HOME$/anaconda3/Lib/site-packages/pythonwin" type="simple" />
            <root url="file://$USER_HOME$/AppData/Local/JetBrains/PyCharmCE2020.2/python_stubs/447913675" type="simple" />
            <root url="file://$APPLICATION_HOME_DIR$/plugins/python-ce/helpers/python-skeletons" type="simple" />
            <root url="file://$APPLICATION_HOME_DIR$/plugins/python-ce/helpers/typeshed/stdlib/3.7" type="simple" />
            <root url="file://$APPLICATION_HOME_DIR$/plugins/python-ce/helpers/typeshed/stdlib/3" type="simple" />
            <root url="file://$APPLICATION_HOME_DIR$/plugins/python-ce/helpers/typeshed/stdlib/2and3" type="simple" />
            <root url="file://$APPLICATION_HOME_DIR$/plugins/python-ce/helpers/typeshed/third_party/3" type="simple" />
            <root url="file://$APPLICATION_HOME_DIR$/plugins/python-ce/helpers/typeshed/third_party/2and3" type="simple" />
          </root>
        </classPath>
        <sourcePath>
          <root type="composite" />
        </sourcePath>
      </roots>
      <additional />
    </jdk>
    <jdk version="2">
      <name value="Python 3.8 (top-projects)" />
      <type value="Python SDK" />
      <version value="Python 3.8.5" />
      <homePath value="C:\Users\bened\anaconda3\envs\top-projects\python.exe" />
      <roots>
        <classPath>
          <root type="composite">
            <root url="file://$USER_HOME$/anaconda3/envs/top-projects/DLLs" type="simple" />
            <root url="file://$USER_HOME$/anaconda3/envs/top-projects/Lib" type="simple" />
            <root url="file://$USER_HOME$/anaconda3/envs/top-projects/Lib/site-packages" type="simple" />
            <root url="file://$USER_HOME$/AppData/Local/JetBrains/PyCharmCE2020.3/python_stubs/-146645921" type="simple" />
            <root url="file://$APPLICATION_HOME_DIR$/plugins/python-ce/helpers/python-skeletons" type="simple" />
            <root url="file://$APPLICATION_HOME_DIR$/plugins/python-ce/helpers/typeshed/stdlib/3.7" type="simple" />
            <root url="file://$APPLICATION_HOME_DIR$/plugins/python-ce/helpers/typeshed/stdlib/3" type="simple" />
            <root url="file://$APPLICATION_HOME_DIR$/plugins/python-ce/helpers/typeshed/stdlib/2and3" type="simple" />
            <root url="file://$APPLICATION_HOME_DIR$/plugins/python-ce/helpers/typeshed/third_party/3" type="simple" />
            <root url="file://$APPLICATION_HOME_DIR$/plugins/python-ce/helpers/typeshed/third_party/2and3" type="simple" />
          </root>
        </classPath>
        <sourcePath>
          <root type="composite" />
        </sourcePath>
      </roots>
      <additional />
    </jdk>
  </component>
</application>