<application>
  <component name="CodeInsightSettings">
    <option name="REFORMAT_ON_PASTE" value="1" />
    <option name="INDENT_TO_CARET_ON_PASTE" value="true" />
  </component>
  <component name="DefaultFont">
    <option name="FONT_SIZE" value="12" />
    <option name="FONT_FAMILY" value="Droid Sans Mono" />
  </component>
  <component name="TodoConfiguration">
    <pattern pattern="\b(todo|fixme)\b.*" />
    <pattern pattern="hack" />
    <filter name="hack">
      <pattern index="1" />
    </filter>
  </component>
</application>