<application>
  <component name="FileTypeManager" version="17">
    <ignoreFiles list="*$py.class;*.hprof;*.pyc;*.pyo;*.rbc;*.yarb;*~;.DS_Store;.git;.hg;.svn;CVS;__pycache__;_svn;vssver.scc;vssver2.scc;" />
    <extensionMap>
      <mapping pattern="CACN00_CWAO_050100__PFF_45672" type="PLAIN_TEXT" />
      <mapping pattern=".coverage" type="PLAIN_TEXT" />
      <mapping pattern="stdout" type="PLAIN_TEXT" />
      <mapping ext="report" type="PLAIN_TEXT" />
    </extensionMap>
  </component>
</application>